{
  "mean": [
    30.0,
    22050.0,
    123.60462503294139,
    61.15,
    0.09822027254849672,
    0.048213536571711305,
    0.26448077484965327,
    0.06928686372266832,
    1629.5862054067413,
    596.0529215628261,
    3467.6140318123553,
    1933.17330715896,
    -223.09769439697266,
    124.94621391296387,
    6.227426800131798,
    22.89923946261406,
    4.192806768417358,
    5.574897980690002,
    -2.2209671042859553,
    1.1745566040277482,
    -3.7804185092449187,
    -1.0340433828532696,
    -3.140983945131302,
    -1.489052379131317,
    -3.324402537941933,
    22.442715179788394,
    16.94157468700745,
    20.256056866700497,
    20.55379021035297,
    20.672408370826762,
    19.495050544987414,
    47.71951536693096,
    0.3016891170293093,
    0.20907187685370446,
    0.2480227194726467,
    0.18362249771598727,
    0.20765769940335305,
    0.22544195391237737,
    0.21012309715151786,
    0.2452323309145868,
    0.1850531866773963,
    0.23866588789969684,
    0.1804980229586363,
    0.21724578812718393
  ],
  "scale": [
    1.0,
    1.0,
    26.758235948023334,
    13.316437211206308,
    0.05998884209584417,
    0.029917422769508557,
    0.1440386764814314,
    0.02936008103222486,
    688.7406996435258,
    303.39354388618955,
    1674.5492531444393,
    698.3882068978372,
    76.93861815701804,
    43.58371250360817,
    19.38767554096321,
    12.160520113617952,
    12.918772744554719,
    10.031845696283996,
    6.408456572050853,
    9.263957689086148,
    5.432883932667445,
    5.748392002667482,
    5.919417771850924,
    5.225956266412085,
    5.098268490756134,
    2.973048991611221,
    3.032780322577838,
    3.450040553736358,
    3.2511608494252258,
    3.7651461934812005,
    3.035151677240853,
    1.817994555926688,
    0.1427266729533903,
    0.1258515153645712,
    0.11251853146669154,
    0.08665117901759287,
    0.08731110641745256,
    0.10279393120653386,
    0.13738837431196932,
    0.10880094526194314,
    0.09804314839477397,
    0.12892882789682852,
    0.13704477041954416,
    0.1264302218575148
  ]
}